Workbook

Sheet Sheet1
A1: goods_base_id | B1: tx_cos_key | C1: surface | D1: 商品名称 | E1: 规格 | F1: 包装类型
A2: 52 | B2: image/newGoods/20251010/235736228_35.jpg | C2: 0 | D2: =_xlfn.XLOOKUP(A2,[1]查询结果!A:A,[1]查询结果!C:C,"",0) -> 白云山 奇星 珍珠末 | E2: =_xlfn.XLOOKUP(A2,[1]查询结果!A:A,[1]查询结果!E:E,"",0) -> 0.3g*10瓶 | F2: =_xlfn.XLOOKUP(A2,[1]查询结果!A:A,[1]查询结果!AC:AC,"",0) -> 1
A3: 52 | B3: image/newGoods/20251010/235745402_75.jpg | C3: 1 | D3: =_xlfn.XLOOKUP(A3,[1]查询结果!A:A,[1]查询结果!C:C,"",0) -> 白云山 奇星 珍珠末 | E3: =_xlfn.XLOOKUP(A3,[1]查询结果!A:A,[1]查询结果!E:E,"",0) -> 0.3g*10瓶 | F3: =_xlfn.XLOOKUP(A3,[1]查询结果!A:A,[1]查询结果!AC:AC,"",0) -> 1
A4: 52 | B4: image/newGoods/20251010/235811936_32.jpg | C4: 2 | D4: =_xlfn.XLOOKUP(A4,[1]查询结果!A:A,[1]查询结果!C:C,"",0) -> 白云山 奇星 珍珠末 | E4: =_xlfn.XLOOKUP(A4,[1]查询结果!A:A,[1]查询结果!E:E,"",0) -> 0.3g*10瓶 | F4: =_xlfn.XLOOKUP(A4,[1]查询结果!A:A,[1]查询结果!AC:AC,"",0) -> 1
A5: 52 | B5: image/newGoods/20251010/235819679_65.jpg | C5: 3 | D5: =_xlfn.XLOOKUP(A5,[1]查询结果!A:A,[1]查询结果!C:C,"",0) -> 白云山 奇星 珍珠末 | E5: =_xlfn.XLOOKUP(A5,[1]查询结果!A:A,[1]查询结果!E:E,"",0) -> 0.3g*10瓶 | F5: =_xlfn.XLOOKUP(A5,[1]查询结果!A:A,[1]查询结果!AC:AC,"",0) -> 1
A6: 52 | B6: image/newGoods/20251010/235829027_59.jpg | C6: 4 | D6: =_xlfn.XLOOKUP(A6,[1]查询结果!A:A,[1]查询结果!C:C,"",0) -> 白云山 奇星 珍珠末 | E6: =_xlfn.XLOOKUP(A6,[1]查询结果!A:A,[1]查询结果!E:E,"",0) -> 0.3g*10瓶 | F6: =_xlfn.XLOOKUP(A6,[1]查询结果!A:A,[1]查询结果!AC:AC,"",0) -> 1
A7: 52 | B7: image/newGoods/20251010/235836710_89.jpg | C7: 5 | D7: =_xlfn.XLOOKUP(A7,[1]查询结果!A:A,[1]查询结果!C:C,"",0) -> 白云山 奇星 珍珠末 | E7: =_xlfn.XLOOKUP(A7,[1]查询结果!A:A,[1]查询结果!E:E,"",0) -> 0.3g*10瓶 | F7: =_xlfn.XLOOKUP(A7,[1]查询结果!A:A,[1]查询结果!AC:AC,"",0) -> 1
A8: 1359 | B8: image/newGoods/20251119/092151446_74.jpg | C8: 0 | D8: =_xlfn.XLOOKUP(A8,[1]查询结果!A:A,[1]查询结果!C:C,"",0) -> 白云山 花城 龟鹿补肾丸 | E8: =_xlfn.XLOOKUP(A8,[1]查询结果!A:A,[1]查询结果!E:E,"",0) -> 4.5g*12袋 | F8: =_xlfn.XLOOKUP(A8,[1]查询结果!A:A,[1]查询结果!AC:AC,"",0) -> 1
A9: 1359 | B9: image/newGoods/20251119/092215346_75.jpg | C9: 1 | D9: =_xlfn.XLOOKUP(A9,[1]查询结果!A:A,[1]查询结果!C:C,"",0) -> 白云山 花城 龟鹿补肾丸 | E9: =_xlfn.XLOOKUP(A9,[1]查询结果!A:A,[1]查询结果!E:E,"",0) -> 4.5g*12袋 | F9: =_xlfn.XLOOKUP(A9,[1]查询结果!A:A,[1]查询结果!AC:AC,"",0) -> 1
A10: 1359 | B10: image/newGoods/20251119/092319136_55.jpg | C10: 2 | D10: =_xlfn.XLOOKUP(A10,[1]查询结果!A:A,[1]查询结果!C:C,"",0) -> 白云山 花城 龟鹿补肾丸 | E10: =_xlfn.XLOOKUP(A10,[1]查询结果!A:A,[1]查询结果!E:E,"",0) -> 4.5g*12袋 | F10: =_xlfn.XLOOKUP(A10,[1]查询结果!A:A,[1]查询结果!AC:AC,"",0) -> 1
A11: 1359 | B11: image/newGoods/20251119/092337884_65.jpg | C11: 3 | D11: =_xlfn.XLOOKUP(A11,[1]查询结果!A:A,[1]查询结果!C:C,"",0) -> 白云山 花城 龟鹿补肾丸 | E11: =_xlfn.XLOOKUP(A11,[1]查询结果!A:A,[1]查询结果!AC:AC,"",0) -> 1
A12: 1359 | B12: image/newGoods/20251119/092505659_09.jpg | C12: 4 | D12: =_xlfn.XLOOKUP(A12,[1]查询结果!A:A,[1]查询结果!C:C,"",0) -> 白云山 花城 龟鹿补肾丸 | E12: =_xlfn.XLOOKUP(A12,[1]查询结果!A:A,[1]查询结果!E:E,"",0) -> 4.5g*12袋 | F12: =_xlfn.XLOOKUP(A12,[1]查询结果!A:A,[1]查询结果!AC:AC,"",0) -> 1
A13: 1359 | B13: image/newGoods/20251119/092520800_23.jpg | C13: 5 | D13: =_xlfn.XLOOKUP(A13,[1]查询结果!A:A,[1]查询结果!C:C,"",0) -> 白云山 花城 龟鹿补肾丸 | E13: =_xlfn.XLOOKUP(A13,[1]查询结果!A:A,[1]查询结果!E:E,"",0) -> 4.5g*12袋 | F13: =_xlfn.XLOOKUP(A13,[1]查询结果!A:A,[1]查询结果!AC:AC,"",0) -> 1
A14: 1489 | B14: image/newGoods/20251011/152427071_52.jpg | C14: 0 | D14: =_xlfn.XLOOKUP(A14,[1]查询结果!A:A,[1]查询结果!C:C,"",0) -> 齐鲁 羟基脲片 | E14: =_xlfn.XLOOKUP(A14,[1]查询结果!A:A,[1]查询结果!E:E,"",0) -> 0.5g*100片 | F14: =_xlfn.XLOOKUP(A14,[1]查询结果!A:A,[1]查询结果!AC:AC,"",0) -> 1
A15: 1489 | B15: image/newGoods/20251011/152436705_03.jpg | C15: 1 | D15: =_xlfn.XLOOKUP(A15,[1]查询结果!A:A,[1]查询结果!C:C,"",0) -> 齐鲁 羟基脲片 | E15: =_xlfn.XLOOKUP(A15,[1]查询结果!A:A,[1]查询结果!E:E,"",0) -> 0.5g*100片 | F15: =_xlfn.XLOOKUP(A15,[1]查询结果!A:A,[1]查询结果!AC:AC,"",0) -> 1
A16: 1489 | B16: image/newGoods/20251011/152449126_37.jpg | C16: 2 | D16: =_xlfn.XLOOKUP(A16,[1]查询结果!A:A,[1]查询结果!C:C,"",0) -> 齐鲁 羟基脲片 | E16: =_xlfn.XLOOKUP(A16,[1]查询结果!A:A,[1]查询结果!E:E,"",0) -> 0.5g*100片 | F16: =_xlfn.XLOOKUP(A16,[1]查询结果!A:A,[1]查询结果!AC:AC,"",0) -> 1
A17: 1489 | B17: image/newGoods/20251011/152503662_17.jpg | C17: 3 | D17: =_xlfn.XLOOKUP(A17,[1]查询结果!A:A,[1]查询结果!C:C,"",0) -> 齐鲁 羟基脲片 | E17: =_xlfn.XLOOKUP(A17,[1]查询结果!A:A,[1]查询结果!E:E,"",0) -> 0.5g*100片 | F17: =_xlfn.XLOOKUP(A17,[1]查询结果!A:A,[1]查询结果!AC:AC,"",0) -> 1
A18: 1489 | B18: image/newGoods/20251011/152511419_39.jpg | C18: 4 | D18: =_xlfn.XLOOKUP(A18,[1]查询结果!A:A,[1]查询结果!C:C,"",0) -> 齐鲁 羟基脲片 | E18: =_xlfn.XLOOKUP(A18,[1]查询结果!A:A,[1]查询结果!E:E,"",0) -> 0.5g*100片 | F18: =_xlfn.XLOOKUP(A18,[1]查询结果!A:A,[1]查询结果!AC:AC,"",0) -> 1
A19: 1489 | B19: image/newGoods/20251011/152520949_74.jpg | C19: 5 | D19: =_xlfn.XLOOKUP(A19,[1]查询结果!A:A,[1]查询结果!C:C,"",0) -> 齐鲁 羟基脲片 | E19: =_xlfn.XLOOKUP(A19,[1]查询结果!A:A,[1]查询结果!E:E,"",0) -> 0.5g*100片 | F19: =_xlfn.XLOOKUP(A19,[1]查询结果!A:A,[1]查询结果!AC:AC,"",0) -> 1
A20: 2361 | B20: image/newGoods/20251016/134556779_17.jpg | C20: 0 | D20: =_xlfn.XLOOKUP(A20,[1]查询结果!A:A,[1]查询结果!C:C,"",0) -> 日日高 维生素D滴剂 | E20: =_xlfn.XLOOKUP(A20,[1]查询结果!A:A,[1]查询结果!E:E,"",0) -> 400单位*12粒*3板 | F20: =_xlfn.XLOOKUP(A20,[1]查询结果!A:A,[1]查询结果!AC:AC,"",0) -> 1
A21: 2361 | B21: image/newGoods/20251016/134609440_93.jpg | C21: 1 | D21: =_xlfn.XLOOKUP(A21,[1]查询结果!A:A,[1]查询结果!C:C,"",0) -> 日日高 维生素D滴剂 | E21: =_xlfn.XLOOKUP(A21,[1]查询结果!A:A,[1]查询结果!E:E,"",0) -> 400单位*12粒*3板 | F21: =_xlfn.XLOOKUP(A21,[1]查询结果!A:A,[1]查询结果!AC:AC,"",0) -> 1
A22: 2361 | B22: image/newGoods/20251016/134623384_61.jpg | C22: 2 | D22: =_xlfn.XLOOKUP(A22,[1]查询结果!A:A,[1]查询结果!C:C,"",0) -> 日日高 维生素D滴剂 | E22: =_xlfn.XLOOKUP(A22,[1]查询结果!A:A,[1]查询结果!E:E,"",0) -> 400单位*12粒*3板 | F22: =_xlfn.XLOOKUP(A22,[1]查询结果!A:A,[1]查询结果!AC:AC,"",0) -> 1
A23: 2361 | B23: image/newGoods/20251016/134638505_10.jpg | C23: 3 | D23: =_xlfn.XLOOKUP(A23,[1]查询结果!A:A,[1]查询结果!C:C,"",0) -> 日日高 维生素D滴剂 | E23: =_xlfn.XLOOKUP(A23,[1]查询结果!A:A,[1]查询结果!E:E,"",0) -> 400单位*12粒*3板 | F23: =_xlfn.XLOOKUP(A23,[1]查询结果!A:A,[1]查询结果!AC:AC,"",0) -> 1
... A64: 5254 | B64: image/newGoods/20250929/104614293_23.jpg | C64: 2 | D64: =_xlfn.XLOOKUP(A64,[1]查询结果!A:A,[1]查询结果!C:C,"",0) -> 康弘 松龄血脉康胶囊 | E64: =_xlfn.XLOOKUP(A64,[1]查询结果!A:A,[1]查询结果!E:E,"",0) -> 0.5g*60粒 | F64: =_xlfn.XLOOKUP(A64,[1]查询结果!A:A,[1]查询结果!AC:AC,"",0) -> 1
